sale_price,year,fuel,mileage,condition,location,contact_number
sale_price,year,fuel,mileage,condition,location,contact_number
sale_price,year,fuel,mileage,condition,location,contact_number
sale_price,year,fuel,mileage,condition,location,contact_number
sale_price,year,fuel,mileage,condition,location,contact_number
sale_price,year,fuel,mileage,condition,location,contact_number
sale_price,year,fuel,mileage,condition,location,contact_number
sale_price,year,fuel,mileage,condition,location,contact_number
sale_price,year,fuel,mileage,condition,location,contact_number
sale_price,year,fuel,mileage,condition,location,contact_number
sale_price,year,fuel,mileage,condition,location,contact_number
sale_price,year,fuel,mileage,condition,location,contact_number
sale_price,year,fuel,mileage,condition,location,contact_number
sale_price,year,fuel,mileage,condition,location,contact_number
sale_price,year,fuel,mileage,condition,location,contact_number
sale_price,year,fuel,mileage,condition,location,contact_number
sale_price,year,fuel,mileage,condition,location,contact_number
sale_price,year,fuel,mileage,condition,location,contact_number
sale_price,year,fuel,mileage,condition,location,contact_number
sale_price,year,fuel,mileage,condition,location,contact_number
sale_price,year,fuel,mileage,condition,location,contact_number
sale_price,year,fuel,mileage,condition,location,contact_number
sale_price,year,fuel,mileage,condition,location,contact_number
sale_price,year,fuel,mileage,condition,location,contact_number
sale_price,year,fuel,mileage,condition,location,contact_number
sale_price,year,fuel,mileage,condition,location,contact_number
sale_price,year,fuel,mileage,condition,location,contact_number
sale_price,year,fuel,mileage,condition,location,contact_number
sale_price,year,fuel,mileage,condition,location,contact_number
sale_price,year,fuel,mileage,condition,location,contact_number
sale_price,year,fuel,mileage,condition,location,contact_number
sale_price,year,fuel,mileage,condition,location,contact_number
sale_price,year,fuel,mileage,condition,location,contact_number
sale_price,year,fuel,mileage,condition,location,contact_number
sale_price,year,fuel,mileage,condition,location,contact_number
sale_price,year,fuel,mileage,condition,location,contact_number
sale_price,year,fuel,mileage,condition,location,contact_number
sale_price,year,fuel,mileage,condition,location,contact_number
sale_price,year,fuel,mileage,condition,location,contact_number
sale_price,year,fuel,mileage,condition,location,contact_number
sale_price,year,fuel,mileage,condition,location,contact_number
sale_price,year,fuel,mileage,condition,location,contact_number
sale_price,year,fuel,mileage,condition,location,contact_number
sale_price,year,fuel,mileage,condition,location,contact_number
sale_price,year,fuel,mileage,condition,location,contact_number
sale_price,year,fuel,mileage,condition,location,contact_number
sale_price,year,fuel,mileage,condition,location,contact_number
sale_price,year,fuel,mileage,condition,location,contact_number
